{
  "video_name": "ads_0",
  "color": {
    "major colors": {
      "0.834,0.9,0.1": 6276093,
      "0.083,0.9,0.1": 6039021,
      "0.083,0.9,0.3": 5423835,
      "0.834,0.9,0.3": 5356836,
      "0.083,0.9,0.5": 3472705,
      "0.083,0.7,0.5": 2401338,
      "0.834,0.5,0.1": 2016999,
      "0.834,0.9,0.5": 1959803,
      "0.25,0.9,0.3": 1872808,
      "0.083,0.5,0.3": 1671939
    }
  },
  "motion": {
    "sum": 1209579996,
    "avgMean": 10.93731911892361,
    "avgMedian": 4.208333333333333,
    "avgStd": 18.491894444026585,
    "globalMin": 0,
    "globalMax": 255
  },
  "audio": {
    "amplitudeMax": 0.96,
    "amplitudeMin": -0.87,
    "amplitudeMean": 0,
    "amplitudeStd": 0.03,
    "spectrogramMax": 435465.2,
    "spectrogramMin": 0,
    "spectrogramMean": 6648.46,
    "spectrogramStd": 14969.73,
    "lowPass10000": 0.6,
    "lowPass15000": 0.66,
    "highPass10000": 0.18,
    "highPass20000": 0.09,
    "highPass30000": 0.05,
    "highPass40000": 0.03,
    "highPass50000": 0.02,
    "adjustSpectrogramSum": 9320183523.11,
    "adjustSpectrogramCount": 10481,
    "adjustSpectrogramAvg": 5592.74,
    "normalizedSpectrogramMean": 0.81
  }
}