{
  "video_name": "cartoon_2",
  "color": {
    "major colors": {
      "0.083,0.05,0.1": 25651774,
      "0.083,0.5,0.5": 13563531,
      "0.083,0.5,0.65": 6296183,
      "0.584,0.15,0.85": 3708544,
      "0.584,0.05,0.85": 3422875,
      "0.584,0.05,0.95": 3330740,
      "0.083,0.5,0.3": 3312704,
      "0.083,0.5,0.75": 2850837,
      "0.083,0.35,0.3": 2304168,
      "0.25,0.05,0.95": 2105792
    }
  },
  "motion": {
    "sum": 112375311,
    "avgMean": 1.0161251356336805,
    "avgMedian": 0.07291666666666667,
    "avgStd": 2.87963623533421,
    "globalMin": 0,
    "globalMax": 210
  },
  "audio": {
    "amplitudeMax": 0.95,
    "amplitudeMin": -0.35,
    "amplitudeMean": 0,
    "amplitudeStd": 0.06,
    "spectrogramMax": 981828.4,
    "spectrogramMin": 0,
    "spectrogramMean": 6637,
    "spectrogramStd": 29036.87,
    "lowPass10000": 0.65,
    "lowPass15000": 0.67,
    "highPass10000": 0.1,
    "highPass20000": 0.07,
    "highPass30000": 0.06,
    "highPass40000": 0.04,
    "highPass50000": 0.04,
    "adjustSpectrogramSum": 14578042835.93,
    "adjustSpectrogramCount": 17159,
    "adjustSpectrogramAvg": 5343.31,
    "normalizedSpectrogramMean": 0.8
  }
}