{
  "video_name": "cartoon_0",
  "color": {
    "major colors": {
      "0.584,0.7,0.5": 34004617,
      "0.834,0.5,0.85": 9109223,
      "0.417,0.5,0.65": 8784151,
      "0.584,0.7,0.65": 7654337,
      "0.417,0.5,0.75": 7503175,
      "0.25,0.9,0.95": 5486177,
      "0.584,0.5,0.65": 3470448,
      "0.083,0.5,0.85": 2954198,
      "0.417,0.25,0.75": 2683638,
      "0.083,0.05,0.95": 1516322
    }
  },
  "motion": {
    "sum": 172712104,
    "avgMean": 1.5617052228009258,
    "avgMedian": 0.26458333333333334,
    "avgStd": 5.879678949002306,
    "globalMin": 0,
    "globalMax": 255
  },
  "audio": {
    "amplitudeMax": 0.97,
    "amplitudeMin": -0.71,
    "amplitudeMean": 0,
    "amplitudeStd": 0.03,
    "spectrogramMax": 395100.71,
    "spectrogramMin": 0,
    "spectrogramMean": 3096.23,
    "spectrogramStd": 13504.11,
    "lowPass10000": 0.51,
    "lowPass15000": 0.53,
    "highPass10000": 0.06,
    "highPass20000": 0.04,
    "highPass30000": 0.03,
    "highPass40000": 0.02,
    "highPass50000": 0.01,
    "adjustSpectrogramSum": 5212360873.13,
    "adjustSpectrogramCount": 12879,
    "adjustSpectrogramAvg": 2545.4,
    "normalizedSpectrogramMean": 0.78
  }
}