{
  "video_name": "cartoon_4",
  "color": {
    "major colors": {
      "0.584,0.35,0.5": 20543306,
      "0.584,0.25,0.5": 19343128,
      "0.584,0.15,0.5": 11419760,
      "0.584,0.5,0.5": 10467266,
      "0.584,0.5,0.3": 8922213,
      "0.834,0.15,0.5": 5953220,
      "0.584,0.7,0.3": 5811974,
      "0.834,0.25,0.3": 4712426,
      "0.834,0.05,0.5": 3068393,
      "0.834,0.5,0.3": 1771346
    }
  },
  "motion": {
    "sum": 233215332,
    "avgMean": 2.10879025607639,
    "avgMedian": 0.3958333333333333,
    "avgStd": 4.54509315368713,
    "globalMin": 0,
    "globalMax": 128
  },
  "audio": {
    "amplitudeMax": 0.96,
    "amplitudeMin": -0.5,
    "amplitudeMean": 0,
    "amplitudeStd": 0.02,
    "spectrogramMax": 600424.46,
    "spectrogramMin": 0,
    "spectrogramMean": 2281.92,
    "spectrogramStd": 12464.18,
    "lowPass10000": 0.33,
    "lowPass15000": 0.34,
    "highPass10000": 0.05,
    "highPass20000": 0.03,
    "highPass30000": 0.02,
    "highPass40000": 0.01,
    "highPass50000": 0.01,
    "adjustSpectrogramSum": 6346431574.13,
    "adjustSpectrogramCount": 21727,
    "adjustSpectrogramAvg": 1837.1,
    "normalizedSpectrogramMean": 0.78
  }
}