{
  "video_name": "cartoon_1",
  "color": {
    "major colors": {
      "0.584,0.5,0.1": 9148784,
      "0.584,0.7,0.1": 8371813,
      "0.834,0.9,0.1": 7703791,
      "0.584,0.5,0.3": 5538226,
      "0.834,0.5,0.1": 4649405,
      "0.834,0.25,0.3": 4156546,
      "0.834,0.35,0.1": 3592040,
      "0.834,0.25,0.5": 3351049,
      "0.834,0.25,0.75": 2951436,
      "0.834,0.9,0.3": 2859072
    }
  },
  "motion": {
    "sum": 290381335,
    "avgMean": 2.625699282045719,
    "avgMedian": 0.8020833333333334,
    "avgStd": 5.780162443251881,
    "globalMin": 0,
    "globalMax": 246
  },
  "audio": {
    "amplitudeMax": 0.91,
    "amplitudeMin": -0.75,
    "amplitudeMean": 0,
    "amplitudeStd": 0.03,
    "spectrogramMax": 876990.18,
    "spectrogramMin": 0,
    "spectrogramMean": 2820.38,
    "spectrogramStd": 12883.38,
    "lowPass10000": 0.44,
    "lowPass15000": 0.46,
    "highPass10000": 0.06,
    "highPass20000": 0.03,
    "highPass30000": 0.02,
    "highPass40000": 0.01,
    "highPass50000": 0.01,
    "adjustSpectrogramSum": 4788425194.59,
    "adjustSpectrogramCount": 12847,
    "adjustSpectrogramAvg": 2344.2,
    "normalizedSpectrogramMean": 0.76
  }
}