{
  "video_name": "concerts_2",
  "color": {
    "major colors": {
      "0.083,0.5,0.1": 15366918,
      "0.083,0.05,0.1": 15060124,
      "0.083,0.9,0.1": 7775105,
      "0.083,0.7,0.1": 6708918,
      "0.083,0.35,0.1": 6247692,
      "0.834,0.5,0.1": 5921629,
      "0.834,0.9,0.1": 4192252,
      "0.834,0.15,0.1": 3970155,
      "0.834,0.25,0.1": 3834177,
      "0.834,0.7,0.1": 3454169
    }
  },
  "motion": {
    "sum": 223965717,
    "avgMean": 2.0251529676649307,
    "avgMedian": 0.3645833333333333,
    "avgStd": 5.934995469281008,
    "globalMin": 0,
    "globalMax": 251
  },
  "audio": {
    "amplitudeMax": 0.96,
    "amplitudeMin": -0.81,
    "amplitudeMean": 0,
    "amplitudeStd": 0.09,
    "spectrogramMax": 1785137.3,
    "spectrogramMin": 0,
    "spectrogramMean": 9019.42,
    "spectrogramStd": 42791.63,
    "lowPass10000": 0.69,
    "lowPass15000": 0.7,
    "highPass10000": 0.1,
    "highPass20000": 0.07,
    "highPass30000": 0.06,
    "highPass40000": 0.05,
    "highPass50000": 0.04,
    "adjustSpectrogramSum": 24715236469.18,
    "adjustSpectrogramCount": 20911,
    "adjustSpectrogramAvg": 7433.49,
    "normalizedSpectrogramMean": 0.78
  }
}