{
  "video_name": "concerts_0",
  "color": {
    "major colors": {
      "0.083,0.05,0.1": 33634278,
      "0.083,0.7,0.1": 20107387,
      "0.083,0.9,0.1": 16483659,
      "0.083,0.7,0.3": 5228477,
      "0.834,0.9,0.1": 5036012,
      "0.584,0.9,0.1": 3937283,
      "0.083,0.5,0.1": 3096959,
      "0.083,0.5,0.3": 2611967,
      "0.834,0.25,0.1": 1886852,
      "0.834,0.5,0.1": 1837258
    }
  },
  "motion": {
    "sum": 163515278,
    "avgMean": 1.4785452654803248,
    "avgMedian": 0,
    "avgStd": 6.482873308072679,
    "globalMin": 0,
    "globalMax": 255
  },
  "audio": {
    "amplitudeMax": 0.96,
    "amplitudeMin": -0.84,
    "amplitudeMean": 0,
    "amplitudeStd": 0.1,
    "spectrogramMax": 1975509.54,
    "spectrogramMin": 0,
    "spectrogramMean": 11326.9,
    "spectrogramStd": 49567.39,
    "lowPass10000": 0.61,
    "lowPass15000": 0.63,
    "highPass10000": 0.12,
    "highPass20000": 0.09,
    "highPass30000": 0.07,
    "highPass40000": 0.06,
    "highPass50000": 0.05,
    "adjustSpectrogramSum": 28996854964.86,
    "adjustSpectrogramCount": 19503,
    "adjustSpectrogramAvg": 9350.88,
    "normalizedSpectrogramMean": 0.77
  }
}