{
  "video_name": "interview_1",
  "color": {
    "major colors": {
      "0.584,0.25,0.3": 6946535,
      "0.083,0.05,0.85": 4658647,
      "0.083,0.05,0.95": 4476219,
      "0.584,0.9,0.65": 3623908,
      "0.083,0.05,0.75": 3018023,
      "0.584,0.25,0.1": 2978607,
      "0.584,0.9,0.75": 2816813,
      "0.083,0.5,0.75": 2703184,
      "0.083,0.5,0.85": 2049450,
      "0.834,0.5,0.3": 2044004
    }
  },
  "motion": {
    "sum": 590056490,
    "avgMean": 5.33543556495949,
    "avgMedian": 1.2645833333333334,
    "avgStd": 13.031718985210166,
    "globalMin": 0,
    "globalMax": 253
  },
  "audio": {
    "amplitudeMax": 0.95,
    "amplitudeMin": -0.37,
    "amplitudeMean": 0,
    "amplitudeStd": 0.04,
    "spectrogramMax": 681429.45,
    "spectrogramMin": 0,
    "spectrogramMean": 3156.98,
    "spectrogramStd": 17824.49,
    "lowPass10000": 0.49,
    "lowPass15000": 0.5,
    "highPass10000": 0.05,
    "highPass20000": 0.03,
    "highPass30000": 0.02,
    "highPass40000": 0.02,
    "highPass50000": 0.01,
    "adjustSpectrogramSum": 7596963532.62,
    "adjustSpectrogramCount": 17775,
    "adjustSpectrogramAvg": 2688.03,
    "normalizedSpectrogramMean": 0.74
  }
}