{
  "video_name": "interview_2",
  "color": {
    "major colors": {
      "0.083,0.05,0.1": 23767240,
      "0.083,0.35,0.75": 11797572,
      "0.083,0.35,0.65": 8727316,
      "0.083,0.5,0.5": 7076439,
      "0.834,0.25,0.3": 3350163,
      "0.083,0.25,0.75": 3125871,
      "0.083,0.35,0.5": 2872312,
      "0.083,0.5,0.65": 2719832,
      "0.083,0.9,0.1": 2649812,
      "0.834,0.05,0.65": 2093644
    }
  },
  "motion": {
    "sum": 138917937,
    "avgMean": 1.2561300726996525,
    "avgMedian": 0.25625,
    "avgStd": 2.8898820296294283,
    "globalMin": 0,
    "globalMax": 221
  },
  "audio": {
    "amplitudeMax": 0.95,
    "amplitudeMin": -0.58,
    "amplitudeMean": 0,
    "amplitudeStd": 0.07,
    "spectrogramMax": 1283323.32,
    "spectrogramMin": 0.05,
    "spectrogramMean": 6604.44,
    "spectrogramStd": 33181.14,
    "lowPass10000": 0.68,
    "lowPass15000": 0.69,
    "highPass10000": 0.08,
    "highPass20000": 0.06,
    "highPass30000": 0.04,
    "highPass40000": 0.04,
    "highPass50000": 0.03,
    "adjustSpectrogramSum": 18692780709.69,
    "adjustSpectrogramCount": 22112,
    "adjustSpectrogramAvg": 5316.78,
    "normalizedSpectrogramMean": 0.52
  }
}