{
  "video_name": "interview_3",
  "color": {
    "major colors": {
      "0.584,0.7,0.5": 17733866,
      "0.083,0.05,0.1": 12206573,
      "0.834,0.7,0.1": 8021349,
      "0.584,0.7,0.1": 7702135,
      "0.584,0.5,0.1": 7380615,
      "0.584,0.9,0.1": 6176237,
      "0.834,0.5,0.1": 5240782,
      "0.584,0.7,0.3": 4207300,
      "0.834,0.9,0.5": 2567795,
      "0.584,0.5,0.3": 2478554
    }
  },
  "motion": {
    "sum": 73134848,
    "avgMean": 0.6613032407407406,
    "avgMedian": 0.010416666666666666,
    "avgStd": 1.4810162989460902,
    "globalMin": 0,
    "globalMax": 243
  },
  "audio": {
    "amplitudeMax": 0.97,
    "amplitudeMin": -0.62,
    "amplitudeMean": 0,
    "amplitudeStd": 0.04,
    "spectrogramMax": 517059.64,
    "spectrogramMin": 0.01,
    "spectrogramMean": 3661.67,
    "spectrogramStd": 18047.67,
    "lowPass10000": 0.56,
    "lowPass15000": 0.58,
    "highPass10000": 0.06,
    "highPass20000": 0.04,
    "highPass30000": 0.03,
    "highPass40000": 0.02,
    "highPass50000": 0.02,
    "adjustSpectrogramSum": 8440230731.57,
    "adjustSpectrogramCount": 18008,
    "adjustSpectrogramAvg": 2947.76,
    "normalizedSpectrogramMean": 0.57
  }
}