{
  "video_name": "movies_2",
  "color": {
    "major colors": {
      "0.417,0.9,0.1": 25141100,
      "0.25,0.5,0.1": 12697993,
      "0.083,0.05,0.1": 11825661,
      "0.417,0.7,0.1": 11783774,
      "0.25,0.9,0.1": 11752272,
      "0.25,0.7,0.1": 10993330,
      "0.417,0.5,0.1": 8027426,
      "0.25,0.5,0.3": 2233698,
      "0.25,0.35,0.1": 1812102,
      "0.083,0.7,0.1": 1701856
    }
  },
  "motion": {
    "sum": 153713222,
    "avgMean": 1.389912669994214,
    "avgMedian": 0.15,
    "avgStd": 4.406830989252691,
    "globalMin": 0,
    "globalMax": 248
  },
  "audio": {
    "amplitudeMax": 0.9,
    "amplitudeMin": -0.46,
    "amplitudeMean": 0,
    "amplitudeStd": 0.11,
    "spectrogramMax": 2054587.9,
    "spectrogramMin": 0,
    "spectrogramMean": 11908.71,
    "spectrogramStd": 55748.66,
    "lowPass10000": 0.71,
    "lowPass15000": 0.74,
    "highPass10000": 0.15,
    "highPass20000": 0.1,
    "highPass30000": 0.08,
    "highPass40000": 0.06,
    "highPass50000": 0.05,
    "adjustSpectrogramSum": 24450019406.37,
    "adjustSpectrogramCount": 15320,
    "adjustSpectrogramAvg": 10037.45,
    "normalizedSpectrogramMean": 0.77
  }
}