{
  "video_name": "movies_0",
  "color": {
    "major colors": {
      "0.083,0.05,0.1": 28032550,
      "0.584,0.5,0.1": 12532331,
      "0.584,0.35,0.1": 7414907,
      "0.584,0.5,0.3": 7388131,
      "0.584,0.7,0.1": 7253795,
      "0.584,0.7,0.3": 4627699,
      "0.584,0.9,0.1": 4109590,
      "0.584,0.9,0.3": 3052360,
      "0.584,0.25,0.1": 2992159,
      "0.584,0.35,0.3": 2522470
    }
  },
  "motion": {
    "sum": 251151633,
    "avgMean": 2.2709746907552097,
    "avgMedian": 0.3927083333333333,
    "avgStd": 6.485949693340827,
    "globalMin": 0,
    "globalMax": 223
  },
  "audio": {
    "amplitudeMax": 0.96,
    "amplitudeMin": -0.14,
    "amplitudeMean": 0,
    "amplitudeStd": 0.01,
    "spectrogramMax": 543506.3,
    "spectrogramMin": 0,
    "spectrogramMean": 1854.48,
    "spectrogramStd": 7305.17,
    "lowPass10000": 0.57,
    "lowPass15000": 0.59,
    "highPass10000": 0.05,
    "highPass20000": 0.02,
    "highPass30000": 0.01,
    "highPass40000": 0.01,
    "highPass50000": 0,
    "adjustSpectrogramSum": 7930168040.07,
    "adjustSpectrogramCount": 32831,
    "adjustSpectrogramAvg": 1519.15,
    "normalizedSpectrogramMean": 0.78
  }
}