{
  "video_name": "movies_1",
  "color": {
    "major colors": {
      "0.083,0.05,0.1": 14766010,
      "0.083,0.25,0.1": 13162445,
      "0.083,0.15,0.1": 9809203,
      "0.417,0.15,0.1": 9300909,
      "0.083,0.35,0.1": 6812841,
      "0.083,0.15,0.3": 5196820,
      "0.25,0.15,0.1": 4943230,
      "0.417,0.25,0.1": 4357270,
      "0.083,0.05,0.3": 3725802,
      "0.083,0.25,0.3": 3402381
    }
  },
  "motion": {
    "sum": 161469032,
    "avgMean": 1.4600426070601855,
    "avgMedian": 0.5145833333333333,
    "avgStd": 2.6852625081157213,
    "globalMin": 0,
    "globalMax": 245
  },
  "audio": {
    "amplitudeMax": 0.9,
    "amplitudeMin": -0.41,
    "amplitudeMean": 0,
    "amplitudeStd": 0.02,
    "spectrogramMax": 633200.57,
    "spectrogramMin": 0.03,
    "spectrogramMean": 1537.85,
    "spectrogramStd": 9352.57,
    "lowPass10000": 0.44,
    "lowPass15000": 0.45,
    "highPass10000": 0.03,
    "highPass20000": 0.01,
    "highPass30000": 0.01,
    "highPass40000": 0.01,
    "highPass50000": 0.01,
    "adjustSpectrogramSum": 3499102687.94,
    "adjustSpectrogramCount": 17776,
    "adjustSpectrogramAvg": 1238.01,
    "normalizedSpectrogramMean": 0.49
  }
}