{
  "video_name": "sport_3",
  "color": {
    "major colors": {
      "0.25,0.5,0.5": 18393865,
      "0.25,0.35,0.5": 3080761,
      "0.584,0.5,0.3": 1924554,
      "0.417,0.35,0.5": 1798886,
      "0.584,0.9,0.5": 1519104,
      "0.417,0.5,0.3": 1402107,
      "0.584,0.7,0.3": 1239282,
      "0.584,0.25,0.5": 984843,
      "0.584,0.25,0.3": 926150,
      "0.584,0.9,0.3": 846967
    }
  },
  "motion": {
    "sum": 88876967,
    "avgMean": 2.051865557587175,
    "avgMedian": 0.005319148936170213,
    "avgStd": 5.469056112579631,
    "globalMin": 0,
    "globalMax": 215
  },
  "audio": {
    "amplitudeMax": 0.92,
    "amplitudeMin": -0.57,
    "amplitudeMean": 0,
    "amplitudeStd": 0.07,
    "spectrogramMax": 1174745.9,
    "spectrogramMin": 0,
    "spectrogramMean": 6643.1,
    "spectrogramStd": 28982.79,
    "lowPass10000": 0.66,
    "lowPass15000": 0.68,
    "highPass10000": 0.11,
    "highPass20000": 0.07,
    "highPass30000": 0.05,
    "highPass40000": 0.04,
    "highPass50000": 0.03,
    "adjustSpectrogramSum": 10809235116.75,
    "adjustSpectrogramCount": 12711,
    "adjustSpectrogramAvg": 5348.33,
    "normalizedSpectrogramMean": 0.8
  }
}