{
  "video_name": "sport_2",
  "color": {
    "major colors": {
      "0.25,0.5,0.5": 56061306,
      "0.25,0.7,0.5": 22895119,
      "0.25,0.35,0.5": 1939564,
      "0.834,0.15,0.3": 1505784,
      "0.083,0.15,0.3": 1192624,
      "0.584,0.5,0.5": 1117404,
      "0.834,0.05,0.3": 886430,
      "0.083,0.5,0.5": 851758,
      "0.083,0.25,0.3": 762170,
      "0.834,0.25,0.3": 716267
    }
  },
  "motion": {
    "sum": 269107347,
    "avgMean": 2.433334662543402,
    "avgMedian": 0.7458333333333333,
    "avgStd": 6.744626875716043,
    "globalMin": 0,
    "globalMax": 234
  },
  "audio": {
    "amplitudeMax": 0.97,
    "amplitudeMin": -0.3,
    "amplitudeMean": 0,
    "amplitudeStd": 0.03,
    "spectrogramMax": 468226.35,
    "spectrogramMin": 0,
    "spectrogramMean": 4242.44,
    "spectrogramStd": 14159.15,
    "lowPass10000": 0.48,
    "lowPass15000": 0.51,
    "highPass10000": 0.11,
    "highPass20000": 0.06,
    "highPass30000": 0.03,
    "highPass40000": 0.02,
    "highPass50000": 0.02,
    "adjustSpectrogramSum": 7250570687.07,
    "adjustSpectrogramCount": 13351,
    "adjustSpectrogramAvg": 3415.55,
    "normalizedSpectrogramMean": 0.81
  }
}