{
  "video_name": "ads_2",
  "color": {
    "major colors": {
      "0.083,0.2,0.1": 18591699,
      "0.083,0.55,0.1": 17318695,
      "0.083,0.85,0.1": 10666851,
      "0.083,0.2,0.3": 7556763,
      "0.083,0.55,0.3": 7119093,
      "0.834,0.2,0.3": 6255195,
      "0.834,0.55,0.1": 5406748,
      "0.083,0.2,0.5": 5237858,
      "0.834,0.2,0.1": 3975083,
      "0.834,0.2,0.5": 3955063
    }
  },
  "motion": {
    "sum": 460142704,
    "avgMean": 4.160723234953705,
    "avgMedian": 0.9895833333333334,
    "avgStd": 9.582117471349898,
    "globalMin": 0,
    "globalMax": 250
  },
  "audio": {
    "amplitudeMax": 0.91,
    "amplitudeMin": -0.9,
    "amplitudeMean": 0.0,
    "amplitudeStd": 0.11,
    "spectrogramMax": 1448760.67,
    "spectrogramMin": 0.0,
    "spectrogramMean": 9108.63,
    "spectrogramStd": 49310.1,
    "lowPass10000": 0.73,
    "lowPass15000": 0.75,
    "highPass10000": 0.11,
    "highPass20000": 0.06,
    "highPass30000": 0.05,
    "highPass40000": 0.04,
    "highPass50000": 0.03,
    "adjustSpectrogramSum": 1.724606562187E10,
    "adjustSpectrogramCount": 14473.0,
    "adjustSpectrogramAvg": 7494.36,
    "normalizedSpectrogramMean": 0.79
  }
}