{
  "video_name": "ads_0",
  "color": {
    "major colors": {
      "0.834,0.85,0.1": 6830566,
      "0.083,0.85,0.1": 6710268,
      "0.083,0.85,0.3": 6315739,
      "0.834,0.85,0.3": 6009980,
      "0.083,0.85,0.5": 5145345,
      "0.834,0.2,0.1": 4583919,
      "0.083,0.2,0.95": 3189486,
      "0.834,0.55,0.1": 2896701,
      "0.834,0.2,0.3": 2809888,
      "0.083,0.2,0.85": 2616359
    }
  },
  "motion": {
    "sum": 1209579996,
    "avgMean": 10.93731911892361,
    "avgMedian": 4.208333333333333,
    "avgStd": 18.491894444026585,
    "globalMin": 0,
    "globalMax": 255
  },
  "audio": {
    "amplitudeMax": 0.96,
    "amplitudeMin": -0.87,
    "amplitudeMean": 0.0,
    "amplitudeStd": 0.03,
    "spectrogramMax": 435465.2,
    "spectrogramMin": 0.0,
    "spectrogramMean": 6648.46,
    "spectrogramStd": 14969.73,
    "lowPass10000": 0.6,
    "lowPass15000": 0.66,
    "highPass10000": 0.18,
    "highPass20000": 0.09,
    "highPass30000": 0.05,
    "highPass40000": 0.03,
    "highPass50000": 0.02,
    "adjustSpectrogramSum": 9.32018352311E9,
    "adjustSpectrogramCount": 10481.0,
    "adjustSpectrogramAvg": 5592.74,
    "normalizedSpectrogramMean": 0.81
  }
}