{
  "video_name": "cartoon_0",
  "color": {
    "major colors": {
      "0.584,0.85,0.5": 28127680,
      "0.584,0.55,0.65": 9801056,
      "0.417,0.55,0.65": 9479249,
      "0.834,0.55,0.85": 9167407,
      "0.417,0.55,0.75": 7510364,
      "0.584,0.55,0.5": 7326980,
      "0.25,0.85,0.95": 6153787,
      "0.417,0.2,0.75": 3493630,
      "0.083,0.55,0.85": 3042386,
      "0.417,0.2,0.85": 1750417
    }
  },
  "motion": {
    "sum": 172712104,
    "avgMean": 1.5617052228009258,
    "avgMedian": 0.26458333333333334,
    "avgStd": 5.879678949002306,
    "globalMin": 0,
    "globalMax": 255
  },
  "audio": {
    "amplitudeMax": 0.97,
    "amplitudeMin": -0.71,
    "amplitudeMean": 0.0,
    "amplitudeStd": 0.03,
    "spectrogramMax": 395100.71,
    "spectrogramMin": 0.0,
    "spectrogramMean": 3096.23,
    "spectrogramStd": 13504.11,
    "lowPass10000": 0.51,
    "lowPass15000": 0.53,
    "highPass10000": 0.06,
    "highPass20000": 0.04,
    "highPass30000": 0.03,
    "highPass40000": 0.02,
    "highPass50000": 0.01,
    "adjustSpectrogramSum": 5.21236087313E9,
    "adjustSpectrogramCount": 12879.0,
    "adjustSpectrogramAvg": 2545.4,
    "normalizedSpectrogramMean": 0.78
  }
}