{
  "video_name": "interview_0",
  "color": {
    "major colors": {
      "0.083,0.2,0.5": 30647276,
      "0.083,0.2,0.65": 26621092,
      "0.834,0.2,0.1": 10599358,
      "0.083,0.2,0.3": 7532260,
      "0.834,0.2,0.3": 6693240,
      "0.083,0.2,0.75": 6096962,
      "0.834,0.2,0.5": 2909776,
      "0.083,0.2,0.85": 2232406,
      "0.083,0.55,0.5": 2183326,
      "0.083,0.2,0.1": 1988661
    }
  },
  "motion": {
    "sum": 136566225,
    "avgMean": 1.2348653157552085,
    "avgMedian": 0.39375,
    "avgStd": 2.563226041135192,
    "globalMin": 0,
    "globalMax": 223
  },
  "audio": {
    "amplitudeMax": 0.94,
    "amplitudeMin": -0.47,
    "amplitudeMean": 0.0,
    "amplitudeStd": 0.03,
    "spectrogramMax": 796686.47,
    "spectrogramMin": 0.0,
    "spectrogramMean": 1759.73,
    "spectrogramStd": 13994.62,
    "lowPass10000": 0.33,
    "lowPass15000": 0.33,
    "highPass10000": 0.02,
    "highPass20000": 0.02,
    "highPass30000": 0.01,
    "highPass40000": 0.01,
    "highPass50000": 0.01,
    "adjustSpectrogramSum": 4.64184572771E9,
    "adjustSpectrogramCount": 20607.0,
    "adjustSpectrogramAvg": 1416.7,
    "normalizedSpectrogramMean": 0.76
  }
}