{
  "video_name": "interview_1",
  "color": {
    "major colors": {
      "0.584,0.2,0.3": 8557979,
      "0.083,0.2,0.85": 5965867,
      "0.834,0.2,0.3": 5500918,
      "0.584,0.2,0.1": 5327011,
      "0.083,0.2,0.95": 5199691,
      "0.083,0.2,0.75": 4992050,
      "0.584,0.85,0.65": 4325714,
      "0.083,0.2,0.5": 4008739,
      "0.834,0.2,0.1": 3680243,
      "0.584,0.85,0.75": 3083539
    }
  },
  "motion": {
    "sum": 590056490,
    "avgMean": 5.33543556495949,
    "avgMedian": 1.2645833333333334,
    "avgStd": 13.031718985210166,
    "globalMin": 0,
    "globalMax": 253
  },
  "audio": {
    "amplitudeMax": 0.95,
    "amplitudeMin": -0.37,
    "amplitudeMean": 0.0,
    "amplitudeStd": 0.04,
    "spectrogramMax": 681429.45,
    "spectrogramMin": 0.0,
    "spectrogramMean": 3156.98,
    "spectrogramStd": 17824.49,
    "lowPass10000": 0.49,
    "lowPass15000": 0.5,
    "highPass10000": 0.05,
    "highPass20000": 0.03,
    "highPass30000": 0.02,
    "highPass40000": 0.02,
    "highPass50000": 0.01,
    "adjustSpectrogramSum": 7.59696353262E9,
    "adjustSpectrogramCount": 17775.0,
    "adjustSpectrogramAvg": 2688.03,
    "normalizedSpectrogramMean": 0.74
  }
}