{
  "video_name": "movies_1",
  "color": {
    "major colors": {
      "0.083,0.2,0.1": 44550499,
      "0.417,0.2,0.1": 16097120,
      "0.083,0.2,0.3": 15045955,
      "0.25,0.2,0.1": 8821082,
      "0.834,0.2,0.1": 4368820,
      "0.584,0.2,0.1": 3519584,
      "0.25,0.2,0.3": 2716216,
      "0.417,0.2,0.3": 2118466,
      "0.417,0.2,0.5": 1878201,
      "0.083,0.55,0.1": 1685923
    }
  },
  "motion": {
    "sum": 161469032,
    "avgMean": 1.4600426070601855,
    "avgMedian": 0.5145833333333333,
    "avgStd": 2.6852625081157213,
    "globalMin": 0,
    "globalMax": 245
  },
  "audio": {
    "amplitudeMax": 0.9,
    "amplitudeMin": -0.41,
    "amplitudeMean": 0.0,
    "amplitudeStd": 0.02,
    "spectrogramMax": 633200.57,
    "spectrogramMin": 0.03,
    "spectrogramMean": 1537.85,
    "spectrogramStd": 9352.57,
    "lowPass10000": 0.44,
    "lowPass15000": 0.45,
    "highPass10000": 0.03,
    "highPass20000": 0.01,
    "highPass30000": 0.01,
    "highPass40000": 0.01,
    "highPass50000": 0.01,
    "adjustSpectrogramSum": 3.49910268794E9,
    "adjustSpectrogramCount": 17776.0,
    "adjustSpectrogramAvg": 1238.01,
    "normalizedSpectrogramMean": 0.49
  }
}