{
  "video_name": "sport_3",
  "color": {
    "major colors": {
      "0.25,0.55,0.5": 18424626,
      "0.25,0.2,0.5": 3208234,
      "0.584,0.55,0.3": 2838705,
      "0.584,0.2,0.3": 2225862,
      "0.584,0.2,0.5": 2105023,
      "0.417,0.2,0.5": 2016253,
      "0.584,0.85,0.5": 1618433,
      "0.417,0.55,0.3": 1583407,
      "0.584,0.85,0.3": 1172098,
      "0.834,0.2,0.3": 1067171
    }
  },
  "motion": {
    "sum": 88876967,
    "avgMean": 2.051865557587175,
    "avgMedian": 0.005319148936170213,
    "avgStd": 5.469056112579631,
    "globalMin": 0,
    "globalMax": 215
  },
  "audio": {
    "amplitudeMax": 0.92,
    "amplitudeMin": -0.57,
    "amplitudeMean": 0.0,
    "amplitudeStd": 0.07,
    "spectrogramMax": 1174745.9,
    "spectrogramMin": 0.0,
    "spectrogramMean": 6643.1,
    "spectrogramStd": 28982.79,
    "lowPass10000": 0.66,
    "lowPass15000": 0.68,
    "highPass10000": 0.11,
    "highPass20000": 0.07,
    "highPass30000": 0.05,
    "highPass40000": 0.04,
    "highPass50000": 0.03,
    "adjustSpectrogramSum": 1.080923511675E10,
    "adjustSpectrogramCount": 12711.0,
    "adjustSpectrogramAvg": 5348.33,
    "normalizedSpectrogramMean": 0.8
  }
}